{
    "rmse": 0.7636265880097912,
    "mae": 0.6337032896059607,
    "r2": 0.05244464427124573
}