{"rmse": 0.6711735929870001, "mae": 0.5331783177431979, "r2": 0.17267371402687492}