{"rmse": 0.6694990656579661, "mae": 0.5359868567014082, "r2": 0.28081268537889137}